Provinsi,Nama Rumah Sakit,Alamat,Lat,Long,Linkmaps
Aceh,RSU Dr. Zainoel Abidin Banda Aceh,"Jl. Tgk. Daud Beureueh No.108 banda Aceh Telp: 0651 - 22077, 28148",5.563718,95.3353989,"https://www.google.com/maps/place/dr.+Zainoel+Abidin+Regional+General+Hospital/@5.563718,95.3353989,17z/data=!4m6!3m5!1s0x30403713e334d845:0x3e919c2162ffb069!4b1!8m2!3d5.5637127!4d95.3375876"
Aceh,RSU Cut Meutia Lhokseumawe,Jl. Banda Aceh-Medan Km.6 Buket Rata Lhokseumawe Telp: 0645-43012,5.1231,97.1564697,"https://www.google.com/maps/place/HOSPITAL.+Cut+Meutia+Lhokseumawe/@5.1231,97.1564697,19.25z/data=!4m5!3m4!1s0x304783a5aaaaaaab:0x3e86022ad5011ce2!8m2!3d5.1237042!4d97.1565353"
Sumatera Utara,RSU H. Adam Malik Medan,Jl. Bunga lau No.17 Telp: 061 - 8360381 ; Fax: 061 - 8360255,3.518414,98.6064493,"https://www.google.com/maps/place/General+Hospital+H.+Adam+Malik/@3.518414,98.6064493,17z/data=!3m1!4b1!4m5!3m4!1s0x303125a213ccb2b7:0xf3f662312bf15955!8m2!3d3.5184086!4d98.608638"
Sumatera Utara,RSU Kabanjahe,Jl. KS Ketaren 8 Kabanjahe Telp: 20550,3.0979584,98.4894196,"https://www.google.com/maps/place/Rumah+Sakit+Umum+Kabanjahe/@3.0979584,98.4894196,17z/data=!3m1!4b1!4m5!3m4!1s0x3031002e9a6307a1:0x26622c38335fea61!8m2!3d3.097953!4d98.4916083"
Sumatera Utara,RSU dr. Djasamen Saragih Pematang Siantar,Jl. Sutomo No.230 P. Siantar Telp: 0634-21780,2.9879818,99.0301261,"https://www.google.com/maps/place/Dr.+Djasemen+Saragih+Regional+General+Hospital/@2.9879818,99.0301261,13z/data=!4m8!1m2!2m1!1sRSU+Pematang+Siantar!3m4!1s0x30318442fb2571c3:0xe14e97536b4aef42!8m2!3d2.9581818!4d99.0697383"
Sumatera Utara,RSU Tarutung,Jl. Bin Harun Said Tarutung Telp: 0633-21303,2.0268437,98.9585211,"https://www.google.com/maps/place/Rumah+Sakit+Umum+Daerah+Tarutung/@2.0268437,98.9585211,17z/data=!3m1!4b1!4m5!3m4!1s0x302e6e8c490997f7:0xe7836722b91d8031!8m2!3d2.0268383!4d98.9607098"
Sumatera Utara,RSU Padang Sidempuan,Jl. Dr FL Tobing Pd Sidempuan Telp: 21780,1.3759228,99.2666725,"https://www.google.com/maps/place/RSU+Padang+Sidempuan/@1.3759228,99.2666725,16.5z/data=!4m8!1m2!2m1!1sRSU+Padang+Sidempuan!3m4!1s0x302c1c814e671e05:0xa14435db1aaa64cc!8m2!3d1.3724329!4d99.2723176?hl=id"
Sumatera Barat,RSU Dr. M. Jamil Padang,"Jl. Perintis Kemerdekaan, Padang. Telp. 0751 - 32372",-0.9434096,100.3647657,"https://www.google.com/maps/place/RSUP+Dr.+M.+Djamil,+Padang/@-0.9434096,100.3647657,17z/data=!3m1!4b1!4m5!3m4!1s0x2fd4b93b7f3bc70d:0x1230c06e21cb064a!8m2!3d-0.9434096!4d100.3669544?hl=id"
Sumatera Barat,RSUD Dr. Achmad Mochtar,Jl. Dr A Rivai Bukittinggi Telp: 0752-21720,-0.2997261,100.3639312,"https://www.google.com/maps/place/RSUD+Dr.+Achmad+Mochtar+Kota+Bukittinggi/@-0.2997261,100.3639312,17z/data=!3m1!4b1!4m5!3m4!1s0x2fd538a40e6858d1:0xcbf2a697beca30a6!8m2!3d-0.2997261!4d100.3661199?hl=id"
Riau,RSU Arifin Ahmad Pekan Baru,"Jl. Diponegoro No.2, Pekan Baru",0.5232428,101.4500354,"https://www.google.com/maps/place/RSUD+ARIFIN+ACHMAD+PROVINSI+RIAU/@0.5232428,101.4500354,17z/data=!3m1!4b1!4m5!3m4!1s0x31d5ac1b96d2da05:0xa46f1a0f91188a1e!8m2!3d0.5232428!4d101.4522241?hl=id"
Riau,RSU Muhamad Sani Karimun,Jl. Poros No. 1 Tg.Balai Karimun Fax : 29611,0.992734,103.4257374,"https://www.google.com/maps/place/RSUD+Muhammad+Sani/@0.992734,103.4257374,14.71z/data=!4m8!1m2!2m1!1sJl.+Poros+Kab.+Karimun!3m4!1s0x0:0xd955978106925a6c!8m2!3d1.0135646!4d103.4137273?hl=id"
Riau,RSU Tanjung Pinang,"Jl. Sudirman No. 795, Tanjung Pinang Telp. 0771 -21163",0.9257796,104.4418881,"https://www.google.com/maps/place/Tanjungpinang+City+Hospital/@0.9257796,104.4418881,18.5z/data=!4m8!1m2!2m1!1sRSU+Tanjung+Pinang!3m4!1s0x31d972446787fb39:0xb9900a900c437e75!8m2!3d0.9253833!4d104.4418552"
Riau,RSU Puri Husada,"JI. Veteran No. 52, Hilir Tembilahan",-0.3251161,103.1625748,"https://www.google.com/maps/place/RSUD+Puri+Husada+Tembilahan/@-0.3251161,103.1625748,16.21z/data=!4m5!3m4!1s0x2e28402e6e16e6d3:0x7107ddc0c68e021f!8m2!3d-0.3229604!4d103.163158?hl=id"
Riau,RSU Dumai,Jl. Tanjung Jati No. 4 Dumai Telp. 0762-38368,1.6801476,101.4571467,"https://www.google.com/maps/place/RUMAH+SAKIT+UMUM+DUMAI/@1.6801476,101.4571467,17z/data=!4m8!1m2!2m1!1sRSU+Dumai%09Jl.+Tanjung+Jati+No.+4+Dumai+Telp.+0762-38368!3m4!1s0x31d3af1fc97d41ef:0xebcd7315028abbbd!8m2!3d1.680024!4d101.4591446?hl=id"
Kep. Riau,RS Otorita Batam,"Jl. Dr. Ciptomangunkusumo, Sekupang Batam",1.1296374,103.9283982,"https://www.google.com/maps/place/Rumah+Sakit+BP+Batam/@1.1296374,103.9283982,17z/data=!3m1!4b1!4m5!3m4!1s0x31d98b24b4f93fc7:0xc4e130c6a72e91b3!8m2!3d1.1296374!4d103.9305869?hl=id"
Jambi,RSU Raden Mattaher Jambi,Jl. Letjend. Soeprapto No.31 Telanaipura Jambi Telp. 0741 -61692,-1.6034702,103.5778473,"https://www.google.com/maps/place/RSUD+Raden+Mattaher+Jambi/@-1.6034702,103.5778473,17z/data=!3m1!4b1!4m5!3m4!1s0x2e25885b1ed59e67:0x446797519692c5c8!8m2!3d-1.6034702!4d103.580036?hl=id"
Sumatera Selatan,RSU Dr. M. Hoesin Palembang,Jl. Jendral Sudirman Palembang 30126,-2.9661251,104.7480356,"https://www.google.com/maps/place/Rumah+Sakit+Umum+Pusat+Dr.+Mohammad+Hoesin/@-2.9661251,104.7480356,17z/data=!3m1!4b1!4m5!3m4!1s0x2e3b75d77f01c7c7:0xf1c081d3dce0a768!8m2!3d-2.9661251!4d104.7502243?hl=id"
Sumatera Selatan,RSU Dr. Sobirin Musirawas Lubuk Linggau,Jl. Yos Sudarso Lubuk Linggau Telp. 0733 - 321013,-3.2827214,102.8801321,"https://www.google.com/maps/place/RSU+Dr.+Sobirin+Musirawas/@-3.2827214,102.8801321,15z/data=!4m8!1m2!2m1!1sRSU+Lubuk+Linggau%09Jl.+Yos+Sudarso+Lubuk+Linggau+Telp.+0733+-+321013!3m4!1s0x2e30e1352bf2dc65:0xc4b70e1f914e51d0!8m2!3d-3.2968075!4d102.8637169?hl=id"
Sumatera Selatan,RSU Kayu Agung,Jl. Raya Lintas Timur Kec. Kota Kayuagung Telp. 0712 -323889,-3.40755,104.8230613,"https://www.google.com/maps/place/Rumah+Sakit+Umum+Daerah+Kayu+Agung/@-3.40755,104.8230613,17z/data=!4m8!1m2!2m1!1sRSU+Kayu+Agung%09!3m4!1s0x2e3befc248817197:0x558b2f8fb0437b5a!8m2!3d-3.4079247!4d104.8249739?hl=id"
Sumatera Selatan,RSD Kab. Lahat,"Jl. Mayor Ruslan I  No. 28, Lahat. Telp. (0731) 321785",-3.7930233,103.532406,"https://www.google.com/maps/place/RSUD+Kab.+Lahat/@-3.7930233,103.532406,17z/data=!3m1!4b1!4m5!3m4!1s0x2e3757e295934e9d:0x75d08e22462ec22!8m2!3d-3.7930233!4d103.5345947?hl=id"
Kep. Bangka Belitung,RSU dr. H. Marsidi Judono Tanjung Pandan,"Jl. Melati Tanjung Pandan. Telp. (0719) 21071, Fax: (0719) 22190",-2.7490296,107.6780566,"https://www.google.com/maps/place/RSUD+dr.+H.+Marsidi+Judono/@-2.7490296,107.6780566,19.71z/data=!4m8!1m2!2m1!1sRumah+Sakit!3m4!1s0x0:0x20425d49a819e1e2!8m2!3d-2.7490019!4d107.6782592?hl=id"
Kep. Bangka Belitung,RSU Depati Hamzah Pangkal Pinang,Jl. M. Syafrie Rachman I. Telp. (0717) 421324,-2.1441239,106.1245104,"https://www.google.com/maps/place/RSUD+Depati+Hamzah/@-2.1441239,106.1245104,21z/data=!4m8!1m2!2m1!1sRSU+Pangkal+Pinang!3m4!1s0x2e22c0d4776b1f25:0xb81448c6324b03db!8m2!3d-2.1439926!4d106.1245582?hl=id"
Bengkulu,RSU Dr. M. Yunus Bengkulu,Jl. Bhayangkara Sidomulyo Bengkulu. Telp. (0736) 52004/52008,-3.8342808,102.3117854,"https://www.google.com/maps/place/RSUD+Dr.+M.+Yunus+Bengkulu/@-3.8342808,102.3117854,17z/data=!3m1!4b1!4m5!3m4!1s0x2e36ba6859f019a5:0x7eb170b29d50ebdb!8m2!3d-3.8342808!4d102.3139741?hl=id"
Bengkulu,RSU Arga Makmur,"Jl. Siti Khadijah Arga Makmur, Bengkulu Utara. Telp. (0737) 521118",-3.4417261,102.1909803,"https://www.google.com/maps/place/RSUD+Arga+Makmur/@-3.4417261,102.1909803,17z/data=!4m8!1m2!2m1!1sRSU+Arga+Makmur%09Jl.+Siti+Khadijah+Arga+Makmur,+Bengkulu+Utara.+Telp.+(0737)+521118!3m4!1s0x2e315bbe11e0303f:0x4ef21c4b72c960ab!8m2!3d-3.4423511!4d102.1911538?hl=id"
Bengkulu,RSU Hasanuddin Damrah Manna,"Jl. Fatmawati Soekarno 31, Manna. Telp (0739) 21118",-4.4376127,102.9762643,"https://www.google.com/maps/place/RSUD+Hasanuddin+Damrah+Manna/@-4.4376127,102.9762643,12.83z/data=!4m5!3m4!1s0x2e37ade5c5b3183f:0x96a324d6b7175750!8m2!3d-4.4419594!4d102.8964832?hl=id"
Lampung,RSU Abdul Moeloek,"Jl. Dr. Rivai No. 6, Tanjung Karang Lampung, 35112",-5.4026586,105.2563938,"https://www.google.com/maps/place/RSUD+Dr.+H.+Abdul+Moeloek/@-5.4026586,105.2563938,17z/data=!4m8!1m2!2m1!1sRSU+Abdul+Moeloek%09Jl.+Dr.+Rivai+No.+6,+Tanjung+Karang+Lampung,+35112!3m4!1s0x2e40dafbc2e84245:0x1229571431dbd515!8m2!3d-5.4028103!4d105.2586609?hl=id"
Lampung,RSU Kalianda,"Jl. L ettu Rohani No. 14B, Kalianda. Telp. (0727) 322160",-5.5332601,105.6185141,"https://www.google.com/maps/place/RSUD+dr.H.+Bob+Bazar.+SKM/@-5.5332601,105.6185141,11.17z/data=!4m5!3m4!1s0x2e4111d39236a737:0x4ea9cc6c92152bb0!8m2!3d-5.7275578!4d105.5964602?hl=id"
Lampung,RSU Mayjend HM Ryacudu,"Jl. Jend Sudirman No. 2, Kotabumi. Telp. 22095",-4.8197403,104.9614052,"https://www.google.com/maps/place/Rumah+Sakit+Daerah+Mayjend.+HM.+Ryacudu+Kotabumi/@-4.8197403,104.9614052,12.25z/data=!4m5!3m4!1s0x2e38a8de6448360d:0x893148fbdbf617d0!8m2!3d-4.8328317!4d104.8914226?hl=id"
Lampung,RSU Ahmad Yani,Jl. Jend A Yani Metro Telp. 0725 - 41820,-5.1157236,105.3079348,"https://www.google.com/maps/place/RSUD+Jend+Ahmad+Yani+Metro/@-5.1157236,105.3079348,17z/data=!3m1!4b1!4m5!3m4!1s0x2e40bbf9026eefc1:0x5cf0d57f9af22bfd!8m2!3d-5.1157236!4d105.3101235?hl=id"
DKI Jakarta,RSPl Dr. Sulianti Saroso,"Jl. Baru Sunter Permai Raya, Jakarta 14340. Telp. 021-6506559 Fax 021-6401411",-6.1296008,106.8601146,"https://www.google.com/maps/place/Rumah+Sakit+Penyakit+Infeksi+Prof.+Dr.+Sulianti+Saroso/@-6.1296008,106.8601146,17z/data=!3m1!4b1!4m5!3m4!1s0x2e6a1e2b82616ee1:0x598466a2b00f9431!8m2!3d-6.1296008!4d106.8623033?hl=id"
DKI Jakarta,RSU Persahabatan,Jl. Persahabatan Raya,-6.2080151,106.8835842,"https://www.google.com/maps/place/Rumah+Sakit+Umum+Pusat+Persahabatan/@-6.2080151,106.8835842,15z/data=!4m5!3m4!1s0x2e69f49718724acb:0xe7d6017f08e37200!8m2!3d-6.2027627!4d106.8848625?hl=id"
DKI Jakarta,RSPAD Gatot Soebroto,Jl. Dr A Rahman Saleh No 24 Jakarta Pusat Telp. 021 - 371008,-6.1778922,106.8368215,"https://www.google.com/maps/place/Rumah+Sakit+Pusat+Angkatan+Darat+Gatot+Soebroto/@-6.1778922,106.8368215,16z/data=!4m5!3m4!1s0x2e69f434c79030ff:0x3bac12ae3c734b2a!8m2!3d-6.1766316!4d106.8370615?hl=id"
Jawa Barat,RSU Dr. Hasan Sadikin Bandung,Jl. Pasteur No.38 Bandung,-6.8981022,107.5959504,"https://www.google.com/maps/place/Rumah+Sakit+Umum+Pusat+Dr.+Hasan+Sadikin/@-6.8981022,107.5959504,17z/data=!3m1!4b1!4m5!3m4!1s0x2e68e642a7183059:0xd07affd224606be5!8m2!3d-6.8981022!4d107.5981391?hl=id"
Jawa Barat,RSU Dr. Slamet Garut,Jl. Rumah Sakit No. 10 Garut Telp. 0262 - 232720,-7.2200534,107.8948313,"https://www.google.com/maps/place/Rumah+Sakit+Umum+Dokter+Slamet/@-7.2200534,107.8948313,17z/data=!3m1!4b1!4m5!3m4!1s0x2e68b04ee1945a25:0x3bbb7b04e4153853!8m2!3d-7.2200534!4d107.89702?hl=id"
Jawa Barat,RSU Gunung Jati Cirebon,Jl. Kesambi No 56 CirebonTelp. 0231 - 206330,-6.7308445,108.553221,"https://www.google.com/maps/place/RSUD+Gunung+Jati+Kesambi/@-6.7308445,108.553221,17z/data=!3m1!4b1!4m5!3m4!1s0x2e6f1d89a485d007:0x5dbbae4963e15b0!8m2!3d-6.7308445!4d108.5554097?hl=id"
Jawa Barat,RSTP Dr. H.A. Rotinsulu Bandung,Jl. Bukit Jarian No 40 .BandungTelp. 022 - 231427,-6.8788486,107.6038509,"https://www.google.com/maps/place/Rumah+Sakit+Paru+Dr.+H.+A.+Rotinsulu/@-6.8788486,107.6038509,17z/data=!3m1!4b1!4m5!3m4!1s0x2e68e6efd1eb80b7:0xc3e4780b547b1818!8m2!3d-6.8788486!4d107.6060396?hl=id"
Jawa Barat,"RSU R. Syamsudin, SH Sukabumi",Jl. Rumah Sakit No.1 Kota SukabumiTelp. 0266 - 225180,-6.914655,106.9324003,"https://www.google.com/maps/place/RSUD+Syamsudin+SH/@-6.914655,106.9324003,17z/data=!3m1!4b1!4m5!3m4!1s0x2e684836ee86e073:0xddf85937f6a3345d!8m2!3d-6.914655!4d106.934589?hl=id"
Jawa Barat,RSU Indramayu,Jl. Rumah Sakit No. 1 IndramayuTelp. 272655,-6.3295124,108.3193693,"https://www.google.com/maps/place/Rumah+Sakit+Umum+Daerah+Kabupaten+Indramayu/@-6.3295124,108.3193693,17z/data=!3m1!4b1!4m5!3m4!1s0x2e6eb957ef43ab4d:0x2436dd8079b0217a!8m2!3d-6.3295124!4d108.321558?hl=id"
Jawa Barat,RSU Subang,Jl. Brigjen Katamso No. 37 SubangTelp. 0260-411421,-6.5581472,107.7448665,"https://www.google.com/maps/place/Rumah+Sakit+Umum+Daerah+Kabupaten+Subang/@-6.5581472,107.7448665,17z/data=!3m1!4b1!4m5!3m4!1s0x2e693c894e9a606b:0x843bba9cfb0e7c89!8m2!3d-6.5581472!4d107.7470552?hl=id"
Banten,RSU dr. Dradjat Prawiranegara Serang,"Jl. Rumah Sakit No. 1, Serang",-6.1199015,106.1504341,"https://www.google.com/maps/place/RSUD+dr.+Dradjat+Prawiranegara+Kota+Serang/@-6.1199015,106.1504341,17z/data=!4m5!3m4!1s0x2e418ad42bbe38f1:0xe80dfa6bf96a7128!8m2!3d-6.1199012!4d106.1526228?hl=id"
Banten,RSU Tangerang,"Jl. Ahmad Yani No. 9 Tangerang. Telp. 021-5523507, Fax. 5527104",-6.1528742,106.651245,"https://www.google.com/maps/place/Rumah+Sakit+Umum+Kabupaten+Tangerang/@-6.1528742,106.651245,13.46z/data=!4m5!3m4!1s0x2e69f8cebd8d2935:0x1e70fa1111c75f8b!8m2!3d-6.1697843!4d106.6356113?hl=id"
Jawa Tengah,RSU Dr. Kariadi Semarang,"Jl. Dr. Sutomo No.16, Semarang 50231. Telp. 024-8413993, 8413476",-6.9942118,110.405301,"https://www.google.com/maps/place/RSUP+Dr.+KARIADI/@-6.9942118,110.405301,17z/data=!3m1!4b1!4m5!3m4!1s0x2e708b41831c7b9d:0xcb17f1f8f9b49a67!8m2!3d-6.9942118!4d110.4074897?hl=id"
Jawa Tengah,RSU Dr. H. Soewondo,"Jl. Laut 21, Kendal",-6.9177157,110.2055368,"https://www.google.com/maps/place/RS+Dr.+H+Soewondo+kendal/@-6.9177157,110.2055368,18.25z/data=!4m5!3m4!1s0x2e705c2dc11a5295:0x8445bc7b96356831!8m2!3d-6.917834!4d110.2062192?hl=id"
Jawa Tengah,RSU Dr. Moewardi,"Jl. Kol Sutarto 132, Surakarta",-7.5575403,110.840158,"https://www.google.com/maps/place/RSUD+Dr.+Moewardi+Surakarta/@-7.5575403,110.840158,17z/data=!4m5!3m4!1s0x2e7a16fb6d436629:0x8016faa044ce174!8m2!3d-7.558175!4d110.8416753?hl=id"
Jawa Tengah,RSU Banyumas,"Jl. Rumah Sakit No.1, Banyumas",-7.5280457,109.2920809,"https://www.google.com/maps/place/RSUD+Banyumas/@-7.5280457,109.2920809,16.75z/data=!4m5!3m4!1s0x2e6544a5a9e5b05d:0x6ded5edbb0879fb5!8m2!3d-7.5291541!4d109.2926896?hl=id"
Jawa Tengah,RSU Kudus,Jl. Dr. Lukmonohadi No. 19 Kudus. Telp. 0291-431831,-6.8189367,110.8344213,"https://www.google.com/maps/place/Rumah+Sakit+Umum+Daerah+Kudus/@-6.8189367,110.8344213,17z/data=!3m1!4b1!4m5!3m4!1s0x2e70c4c1d93218e1:0x6755ce25e87aa5c6!8m2!3d-6.8189367!4d110.83661?hl=id"
Jawa Tengah,RSU Dr. H RM Soeselo W,Jl. Dr. Sutomo No 63 Slawi. Telp. 0283 - 491016,-6.9935144,109.1355191,"https://www.google.com/maps/place/RSUD+H.R.M+dr.+SOESELO/@-6.9935144,109.1355191,17z/data=!3m1!4b1!4m5!3m4!1s0x2e6fbe54f9c44e23:0x90c97704d9c61729!8m2!3d-6.9935144!4d109.1377078?hl=id"
Jawa Tengah,RSU Kraton Pekalongan,Jl. Veteran 31 Pekalongan Telp.0285 - 421621,-6.8814135,109.6653463,"https://www.google.com/maps/place/RSUD+Kraton/@-6.8814135,109.6653463,17z/data=!3m1!4b1!4m5!3m4!1s0x2e7025d42f6dc0b3:0x7e7f75735b608580!8m2!3d-6.8814135!4d109.667535?hl=id"
Jawa Tengah,RSU Tidar,Jl. Tidar No 30 A Magelang 0293-36226,-7.4855335,110.2160706,"https://www.google.com/maps/place/RSU+Tidar+Kota+Magelang/@-7.4855335,110.2160706,17z/data=!4m5!3m4!1s0x2e7a8f44a39a372d:0x5ab48fd226d850c7!8m2!3d-7.4855336!4d110.2182595?hl=id"
Jawa Tengah,RSU Prof. Dr. Margono Soekarjo,Jl. Dr Gumbreg No 1 Purwokerto. Telp. 0281-632708,-7.436662,109.2652207,"https://www.google.com/maps/place/RSUD+Prof.+Dr.+Margono+Soekarjo/@-7.436662,109.2652207,17z/data=!3m1!4b1!4m5!3m4!1s0x2e655c1da44567c1:0xd33981254b97b001!8m2!3d-7.436662!4d109.2674094?hl=id"
Jawa Tengah,RSU Dr Suraji Tirtonegoro,Jl. Dr Soeradji T No.1 Klalen 0272-321041,-7.7143852,110.5864769,"https://www.google.com/maps/place/RSUP+dr.+Soeradji+Tirtonegoro+Klaten/@-7.7143852,110.5864769,17z/data=!4m8!1m2!2m1!1sRSU+Dr+Suraji+Tirtonegoro%09Jl.+Dr+Soeradji+T+No.1+Klalen+0272-321041!3m4!1s0x2e7a446f5752a1f9:0xdb8f18e7c1164f7!8m2!3d-7.7143852!4d110.5886656?hl=id"
Jawa Timur,RSU Dr. Soetomo,Jl. Prof Dr. Moestopo No. 6 - 8 Surabaya,-7.2680224,112.7563105,"https://www.google.com/maps/place/RSUD+Dr.+Soetomo/@-7.2680224,112.7563105,17z/data=!3m1!4b1!4m5!3m4!1s0x2dd7fbd512bf64af:0xc44b2981f167bffe!8m2!3d-7.2680224!4d112.7584992?hl=id"
Jawa Timur,RSU Dr. Saiful Anwar,JI. Jaksa Agung Suprapto No. 2 M a la n g,-7.9715097,112.6296043,"https://www.google.com/maps/place/RSUD+Dr.+Saiful+Anwar+Malang/@-7.9715097,112.6296043,17z/data=!4m12!1m6!3m5!1s0x2dd629b781fbe2bd:0xeb0fece39d33f9bd!2sIGD+Dr.+Saiful+Anwar+Malang!8m2!3d-7.9715097!4d112.631793!3m4!1s0x2dd629021f246f61:0x35d94a2ce8103b78!8m2!3d-7.9725676!4d112.6315456?hl=id"
Jawa Timur,RSU Dr. Soebandi,Jl. Dr. Soebandi No. 1 Jember 68111,-8.1517323,113.7128322,"https://www.google.com/maps/place/RSUD+dr.+Soebandi/@-8.1517323,113.7128322,17z/data=!4m5!3m4!1s0x2dd695ab770e0f3f:0xa6bf9ddece889812!8m2!3d-8.1519142!4d113.7150232?hl=id"
Jawa Timur,RS Dr R Koesma Tuban,Jl. Dr. W S Husodo Tuban 0356-321010,-6.8987586,112.0443305,"https://www.google.com/maps/place/RSUD+Dr.+R.+KOESMA+Tuban/@-6.8987586,112.0443305,17z/data=!3m1!4b1!4m5!3m4!1s0x2e77a2aa9786724b:0xcca24bd1ec218ece!8m2!3d-6.8987586!4d112.0465192?hl=id"
Jawa Timur,RS Dr S Djatikoesoemo,Jl. Veteran No.36 Bojonegoro 0353-3412133,-7.157954,111.8918159,"https://www.google.com/maps/place/Rumah+Sakit+Umum+Daerah+Dr.+R.+Sosodoro+Djatikoesoemo/@-7.157954,111.8918159,15.54z/data=!4m5!3m4!1s0x2e77819cbc0aec11:0x9818d5477dcadb9a!8m2!3d-7.1595301!4d111.8996304?hl=id"
Jawa Timur,RS Pare,Jl. Pahlawan Kusuma B I Pare 0354-391718,-7.7669242,112.1826307,"https://www.google.com/maps/place/RSUD+Kabupaten+Kediri/@-7.7669242,112.1826307,16z/data=!4m8!1m2!2m1!1sRS+Pare%09Jl.+Pahlawan+Kusuma+B+I+Pare+0354-391718!3m4!1s0x2e785c465edfdbc1:0x427b3c8412d38b42!8m2!3d-7.7597725!4d112.1760884?hl=id"
Jawa Timur,RS Blambangan,Jl. Istiqlah No 49 Banyuwangi 0333-421118,-8.2083654,114.363804,"https://www.google.com/maps/place/RSUD+Blambangan+Banyuwangi/@-8.2083654,114.363804,17z/data=!3m1!4b1!4m5!3m4!1s0x2dd1453bb065f8e7:0xad5ff16b895a4de6!8m2!3d-8.2083654!4d114.3659927?hl=id"
Jawa Timur,RS Dr Soedono,"Jl. Sumbawa No 6, Madiun",-7.6263083,111.5218121,"https://www.google.com/maps/place/RSUP+dr.+Soedono+Kota+Madiun/@-7.6263083,111.5218121,17z/data=!3m1!4b1!4m5!3m4!1s0x2e79bef7c9acd687:0xaf87ae42883dc4b9!8m2!3d-7.6263083!4d111.5240008?hl=id"
D.I. Yogyakarta,RSU Dr. Sardjito,"Jl. Kesehatan 1 Sekip, Jogjakarta",-7.7689631,110.3701607,"https://www.google.com/maps/place/Rumah+Sakit+Umum+Pusat+Dr.Sardjito/@-7.7689631,110.3701607,17z/data=!4m8!1m2!2m1!1sRSU+Dr.+Sardjito%09Jl.+Kesehatan+1+Sekip,+Jogjakarta!3m4!1s0x2e7a584c3f999547:0xf5f81e9fab2e1dfb!8m2!3d-7.7686163!4d110.3734742?hl=id"
D.I. Yogyakarta,RSU Panembahan Senopati Bantul,Jl. Dr Wahidin S H Bantul 0274-367381,-7.8928277,110.3359187,"https://www.google.com/maps/place/RSUD+Panembahan+Senopati+Bantul/@-7.8928277,110.3359187,17z/data=!3m1!4b1!4m5!3m4!1s0x2e7a55f717e571a5:0xf24e4bbf12cf6f1f!8m2!3d-7.8928277!4d110.3381074?hl=id"
Nusa Tenggara Timur,RSU Prof. Dr. WZ Johanes,JL. DR. Moch.Hatta No.19 Kupang Telp 0380-832892,-10.1698199,123.5844812,"https://www.google.com/maps/place/RSUD+Prof.+Dr.+W+Z+Johannes+Kupang/@-10.1698199,123.5844812,17z/data=!3m1!4b1!4m5!3m4!1s0x2c569c9a81fad67f:0x2fab4ece9496b604!8m2!3d-10.1698199!4d123.5866699?hl=id"
Nusa Tenggara Timur,RSU Dr.TC Hillers,JL. Kesehatan Maumere 0382-21617,-8.6223857,122.2020435,"https://www.google.com/maps/place/Rumah+Sakit+Umum+Daerah+(RSUD)+Dr.+TC+Hillers/@-8.6223857,122.2020435,17z/data=!3m1!4b1!4m5!3m4!1s0x2dad1bcd535b6c8f:0x19ec7ea424241ed2!8m2!3d-8.6223857!4d122.2042322?hl=id"
Nusa Tenggara Barat,RSU Mataram,"Jl. Bung Karno No.3, Mataram, 83127, Telp: 0370-640774",-8.6027833,116.1141945,"https://www.google.com/maps/place/Rumah+Sakit+Umum+Daerah+Kota+Mataram/@-8.6027833,116.1141945,15z/data=!4m5!3m4!1s0x2dcdbf4240a7ae15:0x7c96adfc5edd7c11!8m2!3d-8.5999262!4d116.1141616?hl=id"
Nusa Tenggara Barat,RSU Bima,JL.Langsat No. 1 Raba Kab. Bima. Telp. 0374-43142,-8.4737486,118.7619591,"https://www.google.com/maps/place/RSUD+Bima/@-8.4737486,118.7619591,16z/data=!4m5!3m4!1s0x2db589520a4a97af:0xde4af7015f1c4d51!8m2!3d-8.4736245!4d118.7617993?hl=id"
Nusa Tenggara Barat,RSU Dr. R Sudjono Selong,JL. Prof. M. Yamin SH No.55 Selong 0376-21118,-8.6502651,116.5288392,"https://www.google.com/maps/place/RSUD+dr.+R.+SOEDJONO+SELONG/@-8.6502651,116.5288392,18z/data=!4m5!3m4!1s0x2dcc4ebc080dd449:0x97222656542da9ee!8m2!3d-8.6506187!4d116.5283708?hl=id"
Nusa Tenggara Barat,RSU Praya,JL. Basuki Rahmat No. 11 Praya 0370-654007,-8.7032793,116.2836206,"https://www.google.com/maps/place/RSUD+PRAYA/@-8.7032793,116.2836206,16z/data=!4m5!3m4!1s0x2dcdb1a4a1189597:0x3ac28c4e13083024!8m2!3d-8.7022517!4d116.2951514?hl=id"
Bali,RSU Sanglah,"Jl. Diponegoro Denpasar, Bali",-8.6757835,115.2109824,"https://www.google.com/maps/place/Rumah+Sakit+Umum+Pusat+Sanglah/@-8.6757835,115.2109824,17z/data=!3m1!4b1!4m5!3m4!1s0x2dd240e1a28d740d:0x842c9d89a4a920dd!8m2!3d-8.6757888!4d115.2131711?hl=id"
Bali,RSU Tabanan,Jl Pahlawan No 14 Tabanan 0361-811027,-8.5391479,115.1300213,"https://www.google.com/maps/place/Rumah+Sakit+Umum+Tabanan/@-8.5391479,115.1300213,17z/data=!3m1!4b1!4m5!3m4!1s0x2dd23a56d69f0683:0xacaf86eba66ede44!8m2!3d-8.5391532!4d115.13221?hl=id"
Bali,RSU Sanjiwani Gianyar,Jl Ciung Wenara No 2 Gianyar 0361-943020,-8.5372573,115.3203536,"https://www.google.com/maps/place/Rumah+Sakit+Umum+Daerah+Sanjiwani+Gianyar/@-8.5372573,115.3203536,17z/data=!3m1!4b1!4m5!3m4!1s0x2dd2165c5c3fc34d:0x9ca6b5f65b102f84!8m2!3d-8.5372626!4d115.3225423?hl=id"
Kalimantan Barat,RSU Dr. Sudarso,"JL. Adi Sucipto Pontianak Telp. 0561-7320, Fax : 732077",-0.0615716,109.3624383,"https://www.google.com/maps/place/Rumah+Sakit+Umum+Daerah+Dokter+Soedarso/@-0.0615716,109.3624383,17z/data=!4m8!1m2!2m1!1sRSU+Dr.+Sudarso%09JL.+Adi+Sucipto+Pontianak+Telp.+0561-7320,+Fax+:+732077!3m4!1s0x2e1d59f02c8a4edd:0x22ae606b4932892f!8m2!3d-0.061577!4d109.364627?hl=id"
Kalimantan Barat,RSU Dr. Abdul Aziz,JL. Dr.Soetomo No.28 Singkawang 0562-631748,0.8954038,108.9704965,"https://www.google.com/maps/place/RSUD+Dr.+Abdul+Aziz/@0.8954038,108.9704965,17z/data=!3m1!4b1!4m5!3m4!1s0x31e3725e382c01a7:0x5d24155cee78333!8m2!3d0.8953984!4d108.9726852?hl=id"
Kalimantan Barat,RSU Ade Mohammad Djoen Sintang,JL.Pattimura Sintang,0.0798884,111.4964983,"https://www.google.com/maps/place/RSUD+Ade+Mohammad+Djoen/@0.0798884,111.4964983,17z/data=!4m13!1m7!3m6!1s0x31fe223be8343353:0xa89afcf70970a8b!2sJl.+Pattimura,+Tj.+Puri,+Kec.+Sintang,+Kabupaten+Sintang,+Kalimantan+Barat,+Indonesia!3b1!8m2!3d0.079883!4d111.498687!3m4!1s0x31fe2209872a7591:0x15e6d0ad9f7adda6!8m2!3d0.0784908!4d111.4960203?hl=id"
Kalimantan Utara,RSU Tarakan,Jl. Merapi I Tarakan Telp. 0551-21720; Fax.21116,3.3181552,117.6028893,"https://www.google.com/maps/place/RSUD+Tarakan/@3.3181552,117.6028893,17z/data=!3m1!4b1!4m5!3m4!1s0x32138a78816fcdfd:0x20c0dfa407830abc!8m2!3d3.3181498!4d117.605078?hl=id"
Kalimantan Utara,RSU dr. H. Soemarno Sosroatmodjo Tanjung Selor,Jl. Cendrawasih Tanjung Selor,2.8310577,117.3798539,"https://www.google.com/maps/place/BLUD+RSD+dr.+H.+SOEMARNO+SOSROATMODJO/@2.8310577,117.3798539,17z/data=!4m5!3m4!1s0x3213d049b2fc456d:0xe38aedbae1c0f833!8m2!3d2.8302672!4d117.3809391?hl=id"
Kalimantan Selatan,RSU Ulin,Jl. Jend. A.Yani 79 Banjarmasin Telp.0511-2180; Fax.252229,-3.3228357,114.5989962,"https://www.google.com/maps/place/Rumah+Sakit+Umum+Daerah+Ulin+Banjarmasin/@-3.3228357,114.5989962,17z/data=!3m1!4b1!4m5!3m4!1s0x2de423e67db138ef:0xd0c93abd58eef790!8m2!3d-3.3228411!4d114.6011849?hl=id"
Kalimantan Selatan,RSU H Boejasin Pelaihari,Jl. A. Syahrani Pelaihari. Telp. 0512-21082,-3.8280496,114.7841243,"https://www.google.com/maps/place/RSUD+H.+BOEJASIN+PELAIHARI+(baru)/@-3.8280496,114.7841243,17z/data=!3m1!4b1!4m8!1m2!2m1!1sRumah+Sakit!3m4!1s0x0:0xc1ab35d79de535ef!8m2!3d-3.8280541!4d114.7863123?hl=id"
Kalimantan Timur,RSU Dr. Kanujoso Djatiwibowo,Jl. MT Haryono Ring Road Balikpapan,-1.225499,116.8659788,"https://www.google.com/maps/place/RSUD+Dr.+Kanujoso+Djatiwibowo/@-1.225499,116.8659788,17z/data=!3m1!4b1!4m5!3m4!1s0x2df1461866997cc1:0xb05f421359f9b788!8m2!3d-1.2255044!4d116.8681675?hl=id"
Kalimantan Timur,RSU H A Wahab Sjahranie,Jl. Dr.Soetomo Samarinda. Telp. 0541-738118,-0.4790047,117.1420767,"https://www.google.com/maps/place/Rumah+Sakit+Umum+Daerah+Abdul+Wahab+Sjahranie/@-0.4790047,117.1420767,17z/data=!3m1!4b1!4m5!3m4!1s0x2df67f3840817721:0x84ce690cc32c368b!8m2!3d-0.4790101!4d117.1442654?hl=id"
Kalimantan Timur,RSU Taman Husada Kota Bontang,"Jl. Letjen S. Parman No.1, Telp: 0548-23000",0.1395092,117.4490261,"https://www.google.com/maps/place/RSUD+Taman+Husada+Bontang/@0.1395092,117.4490261,16z/data=!4m5!3m4!1s0x320a11f0e46c1435:0x80c32a62eeea651f!8m2!3d0.1426129!4d117.4478093?hl=id"
Kalimantan Timur,RSU Panglima Sebaya,Jl. Ciptomangunkusumo No.2 Grogot- 21118,-1.8734653,116.1764864,"https://www.google.com/maps/place/RSUD+PANGLIMA+SEBAYA/@-1.8734653,116.1764864,17z/data=!3m1!4b1!4m5!3m4!1s0x550540424d251c3:0x81ed075ca2b2cfd2!8m2!3d-1.8734707!4d116.1786751?hl=id"
Kalimantan Tengah,RSU Dr. Doris Sylvanus,Jl. Tmbun Bunga No.4 Palangkaraya Telp.0536-21717; Fax 29194,-2.2105316,113.9202954,"https://www.google.com/maps/place/Rumah+Sakit+Umum+Daerah+dr.+Doris+Sylvanus/@-2.2105316,113.9202954,17z/data=!4m8!1m2!2m1!1sRSU+Dr.+Doris+Sylvanus%09Jl.+Tmbun+Bunga+No.4+Palangkaraya+Telp.0536-21717;+Fax+29194!3m4!1s0x2dfcb259221732df:0xc389caaed229b539!8m2!3d-2.210537!4d113.9224841?hl=id"
Kalimantan Tengah,RSU Dr. Murjani Sampit,Jl. H  M Arsyad No 65 Sampit. Telp. 0512-21010,-2.5455599,112.9471049,"https://www.google.com/maps/place/Rumah+Sakit+Umum+Dr+Murjani/@-2.5455599,112.9471049,17z/data=!4m8!1m2!2m1!1sRSU+Dr.+Murjani+Sampit%09Jl.+H++M+Arsyad+No+65+Sampit.+Telp.+0512-21010!3m4!1s0x0:0x6c3a0040b0b8f193!8m2!3d-2.5427761!4d112.9490434?hl=id"
Sulawesi Utara,RSU Prof. Dr. RD Kandou,Jl. Raya Tanawangko Telp.(0431)853191-853193,1.4534339,124.8081034,"https://www.google.com/maps/place/IGD+RSUP+Prof.+Dr.+R.+D.+Kandou+Manado+Sulawesi+Utara/@1.4534339,124.8081034,19.5z/data=!4m5!3m4!1s0x1004141017da74d5:0x549c80a899d7bee2!8m2!3d1.4535309!4d124.8081777?hl=id"
Sulawesi Utara,RSU Dr. Sam Ratulangi,"Luaan Tondano, Minahasa",1.3095684,124.9143731,"https://www.google.com/maps/place/Rumah+Sakit+Umum+Dr.+Sam+Ratulangi/@1.3095684,124.9143731,17z/data=!3m1!4b1!4m5!3m4!1s0x100404411cadb1a5:0xf33c134d5a1ce9ad!8m2!3d1.309563!4d124.9165618?hl=id"
Gorontalo,RSU Prof.Dr.H.Aloei Saboe,Jl. S Batutihe No.7 Gorontalo alo Telp. 0435-821019 ; Fax. 821019,0.554924,123.0819224,"https://www.google.com/maps/place/Rumah+Sakit+Umum+Profesor+Aloei+Saboe/@0.554924,123.0819224,17z/data=!4m8!1m2!2m1!1sRSU+Prof.Dr.H.Aloei+Saboe%09Jl.+S+Batutihe+No.7+Gorontalo+alo+Telp.+0435-821019+;+Fax.+821019!3m4!1s0x32792b27c7af4eb5:0xc7fc6110991bcb1b!8m2!3d0.5554721!4d123.084204?hl=id"
Sulawesi Tengah,RSU Undata,Jl.Dr. Suharso 14 Palu 94111,-0.8582027,119.8842639,"https://www.google.com/maps/place/RSUD+Undata/@-0.8582027,119.8842639,19z/data=!4m12!1m6!3m5!1s0x2d8bedcdaaa73383:0xf6f2834d6f7736ba!2sRSUD+Undata!8m2!3d-0.857844!4d119.8840467!3m4!1s0x2d8bedcdaaa73383:0xf6f2834d6f7736ba!8m2!3d-0.857844!4d119.8840467?hl=id"
Sulawesi Tengah,RSU Luwuk,Jl. lmam Bonjol No 14 Luwuk 0461-21820,-0.9340878,122.8200077,"https://www.google.com/maps/place/RSUD+Luwuk/@-0.9340878,122.8200077,17z/data=!3m1!4b1!4m5!3m4!1s0x2d86a3ebe5a30c83:0x441d98b7d54cd5e9!8m2!3d-0.9340932!4d122.8221964?hl=id"
Sulawesi Tengah,RS Mokopido Toli Toli,Jl. Lanoni Toli-Toli 0453-21300,1.0358848,120.8205882,"https://www.google.com/maps/place/RSU+Mokopido+Toli-Toli/@1.0358848,120.8205882,17z/data=!3m1!4b1!4m5!3m4!1s0x3276da54587ae69d:0xd9e7b475c1ec3ff0!8m2!3d1.0358794!4d120.8227769?hl=id"
Sulawesi Tengah,RSU Kolonedale,JI. W. Monginsidi 2 Kolonedale 0465-21010,-1.9944156,121.3262403,"https://www.google.com/maps/place/RSUD+Kolonodale/@-1.9944156,121.3262403,17z/data=!3m1!4b1!4m5!3m4!1s0x2d8fe7d7daea2f75:0x8415c0bcb30e0fdb!8m2!3d-1.994421!4d121.328429?hl=id"
Sulawesi Tenggara,RSU Kendari,Jl. Dr. Sam Ratulangi 151 Kendari,-3.9886654,122.5342905,"https://www.google.com/maps/place/Rumah+Sakit+Umum+Daerah+Kota+Kendari/@-3.9886654,122.5342905,18z/data=!4m8!1m2!2m1!1sRSU+Kendari%09!3m4!1s0x0:0xfec664d729f0d6d8!8m2!3d-3.9900381!4d122.5336544?hl=id"
Sulawesi Selatan,RSU Dr. Wahidin Sudirohusodo,"Jl. Perintis Kemerdekaan Km. 11, Makassar 90245 Telp. 0411-510675: Fax . 510676",-5.1348171,119.4913605,"https://www.google.com/maps/place/RSUP+Dr.+Wahidin+Sudirohusodo/@-5.1348171,119.4913605,17z/data=!4m5!3m4!1s0x2dbefc81fffc5045:0xc69c291615e4a373!8m2!3d-5.134748!4d119.4931975?hl=id"
Sulawesi Selatan,RSU Andi Makkasau,Jl. Nurussamawati 3 Pare-pare,-4.0347249,119.6312927,"https://www.google.com/maps/place/RSUD+ANDI+MAKKASAU+Parepare/@-4.0347249,119.6312927,17z/data=!4m5!3m4!1s0x2d95bb63f4e0ec0d:0xa6a54b1912761c2f!8m2!3d-4.0347303!4d119.6334817?hl=id"
Sulawesi Selatan,RSU Lakipadad Tana Toraja,Jl. Pongtiku Mandetek Tn Toraja. Telp. 0423-22264,-3.0731821,119.8680617,"https://www.google.com/maps/place/RSUD+Lakipadada/@-3.0731821,119.8680617,16.5z/data=!4m5!3m4!1s0x2d93edcda86d5f2f:0x6eaa6d5cd8ec6d47!8m2!3d-3.0734309!4d119.8677358?hl=id"
Sulawesi Selatan,RS lslam Faisal,Jl. AP Pettarani Makassar 0411-871942,-5.1628327,119.4304844,"https://www.google.com/maps/place/Rumah+Sakit+Islam+Faisal/@-5.1628327,119.4304844,17z/data=!3m1!4b1!4m5!3m4!1s0x2dbee2965517f8fb:0xab8e63a06548afbe!8m2!3d-5.162838!4d119.4326731?hl=id"
Sulawesi Selatan,RS Akademis Jaury,Jl. Bulusaraung No 57 Makassar 0411-317343,-5.1312698,119.4126296,"https://www.google.com/maps/place/Rumah+Sakit+Akademis+Jaury+Jusuf+Putra/@-5.1312698,119.4126296,17z/data=!3m1!4b1!4m5!3m4!1s0x2dbf02a652c1c231:0xabaecb6262cb0ef6!8m2!3d-5.1312751!4d119.4148183?hl=id"
Sulawesi Selatan,RSU Sinjai,Jl. Jend Sudirman No 47 Sinjai 0482-21132,-5.1284668,120.2469815,"https://www.google.com/maps/place/RSUD+Sinjai/@-5.1284668,120.2469815,17z/data=!3m1!4b1!4m5!3m4!1s0x2dbc26783c474fe3:0x3a268f54deea9abb!8m2!3d-5.1284721!4d120.2491702?hl=id"
Maluku,RSU Dr. M Haulussy Ambon,Jl. Dr. Kayadoe Ambon 97116,-3.7066361,128.1669713,"https://www.google.com/maps/place/RSUD+Dr.+M.+Haulussy/@-3.7066361,128.1669713,17.5z/data=!4m5!3m4!1s0x2d6ce5972c6e30bf:0x6e8dfc0e642bad6f!8m2!3d-3.7085243!4d128.1655262?hl=id"
Maluku Utara,RSU Chasan Basoeri,"Jl. Tanah Tinggi Ternate telp. 0921-21281 , Fax : 217777",0.7820785,127.3735873,"https://www.google.com/maps/place/RSUD+DR+H+CHASAN+BOESOIRIE+TERNATE/@0.7820785,127.3735873,17z/data=!4m5!3m4!1s0x329cb3f7c0000001:0x159ac25f285dbc7b!8m2!3d0.782073!4d127.3757759?hl=id"
Papua,RSU Dok II Jayapura,Jl. Kesehatan I Dok ll Jayapura 99112,-2.5339403,140.7070248,"https://www.google.com/maps/place/Rumah+Sakit+Umum+Daerah+(RSUD)+Dok+II+Jayapura/@-2.5339403,140.7070248,17z/data=!4m5!3m4!1s0x686c5839f89962b7:0x718e0d69a7250b9a!8m2!3d-2.5349504!4d140.7104149?hl=id"